asvidshort,taxonomy
ASV-0e09f,d__Eukaryota; k__Incertae_Sedis; p__Incertae_Sedis; c__Incertae_Sedis; o__Incertae_Sedis; f__Incertae_Sedis; g__Telonema; s__uncultured_eukaryote
ASV-20509,d__Eukaryota; k__Alveolata; p__Protalveolata; c__Syndiniales; o__Syndiniales; f__Syndiniales; g__Duboscquella; s__uncultured_eukaryote
ASV-3babb,d__Eukaryota; k__Incertae_Sedis; p__Incertae_Sedis; c__Incertae_Sedis; o__Incertae_Sedis; f__Incertae_Sedis; g__Incertae_Sedis; s__Planomonas_micra
ASV-39b99,d__Eukaryota; k__Alveolata; p__Ciliophora; c__Intramacronucleata; o__Conthreep; f__Phyllopharyngea; g__Acineta; s__Acineta_sp.
ASV-c4413,d__Eukaryota; k__Stramenopiles; p__Labyrinthulomycetes; c__Labyrinthulomycetes; o__Labyrinthulomycetes; f__Labyrinthulaceae; g__Labyrinthula; s__uncultured_eukaryote
ASV-b000c,d__Eukaryota; k__Alveolata; p__Ciliophora; c__Intramacronucleata; o__Conthreep; f__Oligohymenophorea; g__Zoothamnium
ASV-c8373,d__Eukaryota; k__Rhizaria; p__Cercozoa; c__Thecofilosea; o__Cryomonadida; f__Protaspidae; g__Protaspis
ASV-0eec7,d__Eukaryota; k__Alveolata; p__Ciliophora; c__Intramacronucleata; o__Conthreep; f__Oligohymenophorea; g__Zoothamnium
ASV-747e1,d__Eukaryota; k__Stramenopiles; p__Diatomea; c__Mediophyceae; o__Mediophyceae; f__Mediophyceae; g__Cyclotella; s__Cyclotella_choctawhatcheeana
ASV-89c3a,d__Eukaryota; k__Stramenopiles; p__Diatomea; c__Mediophyceae; o__Mediophyceae; f__Mediophyceae; g__Chaetoceros; s__Chaetoceros_sp.
ASV-274a7,d__Eukaryota; k__Alveolata; p__Ciliophora; c__Intramacronucleata; o__Conthreep; f__Oligohymenophorea; g__Zoothamnium; s__Zoothamnium_sp.
ASV-77d56,d__Eukaryota; k__Stramenopiles; p__Diatomea; c__Mediophyceae; o__Mediophyceae; f__Mediophyceae; g__Skeletonema; s__Skeletonema_menzellii
ASV-69ab5,d__Eukaryota; k__Alveolata; p__Dinoflagellata; c__Dinophyceae
ASV-4db69,d__Eukaryota; k__Alveolata; p__Protalveolata; c__Syndiniales; o__Syndiniales; f__Syndiniales_Group_II; g__Syndiniales_Group_II; s__uncultured_eukaryote
ASV-0a26d,d__Eukaryota; k__Stramenopiles; p__Peronosporomycetes; c__Peronosporomycetes; o__Peronosporomycetes; f__Peronosporomycetes; g__Peronosporomycetes; s__Haliphthoros_sp.
ASV-07fcf,d__Eukaryota; k__Holozoa; p__Holozoa; c__Choanoflagellida; o__Craspedida; f__Salpingoecidae; g__Salpingoecidae; s__Salpingoeca_kvevrii
ASV-a3e91,d__Eukaryota; k__Alveolata; p__Dinoflagellata; c__Dinophyceae; o__Dinophysiales; f__Dinophysiales; g__Sinophysis; s__uncultured_eukaryote
ASV-7fc4a,d__Eukaryota; k__Alveolata; p__Ciliophora; c__Intramacronucleata; o__Conthreep; f__Phyllopharyngea; g__Suctoria; s__Pyropia_sp.
ASV-c1ef3,d__Eukaryota; k__Alveolata; p__Protalveolata; c__Syndiniales; o__Syndiniales; f__Syndiniales_Group_II; g__Syndiniales_Group_II; s__uncultured_eukaryote
ASV-141b1,d__Eukaryota; k__Rhizaria; p__Cercozoa; c__Thecofilosea; o__Thecofilosea; f__Thecofilosea; g__uncultured
ASV-32b63,d__Eukaryota; k__Alveolata; p__Ciliophora; c__Intramacronucleata; o__Spirotrichea; f__Euplotia; g__Diophrys; s__Diophrys_parappendiculata
ASV-e9667,d__Eukaryota; k__Haptophyta; p__Prymnesiophyceae; c__Prymnesiophyceae; o__Prymnesiophyceae; f__Prymnesiophyceae; g__Phaeocystis; s__Phaeocystis_globosa
ASV-4b0c2,d__Eukaryota; k__Stramenopiles; p__Diatomea; c__Bacillariophyceae; o__Bacillariophyceae; f__Bacillariophyceae; g__Amphora
ASV-db43c,d__Eukaryota; k__Alveolata; p__Protalveolata; c__Syndiniales; o__Syndiniales; f__Syndiniales_Group_I; g__Syndiniales_Group_I; s__uncultured_Duboscquella
ASV-0d263,d__Eukaryota; k__Alveolata; p__Ciliophora; c__Intramacronucleata; o__Conthreep; f__Oligohymenophorea; g__Zoothamnopsis; s__Zoothamnium_sp.
ASV-3ea26,d__Eukaryota; k__Stramenopiles; p__Diatomea; c__Mediophyceae; o__Mediophyceae; f__Mediophyceae; g__Chaetoceros; s__Chaetoceros_sp.
ASV-2edb0,d__Eukaryota; k__Alveolata; p__Protalveolata; c__Syndiniales; o__Syndiniales; f__Syndiniales_Group_II; g__Syndiniales_Group_II; s__uncultured_eukaryote
ASV-1712b,d__Eukaryota; k__Chloroplastida; p__Chlorophyta; c__Chlorophyceae; o__Sphaeropleales; f__Sphaeropleales
ASV-dac7d,d__Eukaryota; k__Alveolata; p__Ciliophora; c__Intramacronucleata; o__Conthreep; f__Phyllopharyngea; g__Suctoria
ASV-2642d,d__Eukaryota; k__Alveolata; p__Ciliophora; c__Intramacronucleata; o__Spirotrichea; f__Euplotia; g__Aspidisca; s__uncultured_marine
ASV-65e62,d__Eukaryota; k__Alveolata; p__Ciliophora; c__Intramacronucleata; o__Conthreep; f__IN2411; g__IN2411; s__uncultured_ciliate
ASV-d1f8f,d__Eukaryota; k__Alveolata; p__Dinoflagellata; c__Dinophyceae
ASV-7ff2e,d__Eukaryota; k__Rhizaria; p__Cercozoa; c__Vampyrellidae; o__Vampyrellidae; f__Vampyrellidae; g__uncultured; s__Hyalodiscus_sp.
ASV-09030,d__Eukaryota; k__Alveolata; p__Dinoflagellata; c__Dinophyceae; o__Gymnodiniphycidae; f__Gymnodiniphycidae; g__Gyrodinium
ASV-fec77,d__Eukaryota; k__Rhizaria; p__Cercozoa; c__Thecofilosea; o__Thecofilosea; f__Thecofilosea; g__uncultured; s__uncultured_Rhizaria
ASV-0ffcd,d__Eukaryota; k__Alveolata; p__Dinoflagellata; c__Dinophyceae
ASV-f7cb2,d__Eukaryota; k__Stramenopiles; p__Diatomea
ASV-1555a,d__Eukaryota; k__Alveolata; p__Ciliophora; c__Intramacronucleata; o__Conthreep; f__Oligohymenophorea; g__Vaginicola; s__Vaginicola_crystallina
ASV-c9347,d__Eukaryota; k__Alveolata; p__Protalveolata; c__Syndiniales; o__Syndiniales; f__Syndiniales; g__Duboscquella; s__uncultured_eukaryote
ASV-53ccd,d__Eukaryota; k__Alveolata; p__Ciliophora; c__Intramacronucleata; o__Conthreep; f__Prostomatea; g__Cryptocaryon
ASV-b3147,d__Eukaryota; k__Stramenopiles; p__Diatomea; c__Bacillariophyceae; o__Bacillariophyceae; f__Bacillariophyceae
ASV-e88c6,d__Eukaryota; k__Stramenopiles; p__Diatomea; c__Mediophyceae; o__Mediophyceae; f__Mediophyceae; g__Thalassiosira; s__uncultured_Skeletonema
ASV-77594,d__Eukaryota; k__Stramenopiles; p__Labyrinthulomycetes; c__Labyrinthulomycetes; o__Labyrinthulomycetes; f__Thraustochytriaceae; g__Aplanochytrium; s__Aplanochytrium_sp.
ASV-2a9a5,d__Eukaryota; k__Alveolata; p__Dinoflagellata; c__Incertae_Sedis; o__Incertae_Sedis; f__Incertae_Sedis; g__Haplozoon; s__uncultured_eukaryote
ASV-70a8a,d__Eukaryota; k__Alveolata; p__Ciliophora; c__Intramacronucleata; o__Conthreep; f__Oligohymenophorea; g__Zoothamnium
ASV-5db34,d__Eukaryota; k__Alveolata; p__Dinoflagellata; c__Dinophyceae
ASV-fd862,d__Eukaryota; k__Alveolata; p__Dinoflagellata; c__Dinophyceae
ASV-2724b,d__Eukaryota; k__Alveolata; p__Protalveolata; c__Syndiniales; o__Syndiniales; f__Syndiniales; g__Duboscquella; s__uncultured_eukaryote
ASV-7eadc,d__Eukaryota; k__Alveolata; p__Ciliophora; c__Intramacronucleata; o__Conthreep; f__Phyllopharyngea; g__Acineta; s__Acineta_tuberosa
ASV-3307a,d__Eukaryota; k__Chloroplastida; p__Chlorophyta; c__Chlorodendrophyceae; o__Chlorodendrophyceae; f__Chlorodendrophyceae; g__Chlorodendrophyceae; s__Tetraselmis_sp.
ASV-bccbe,d__Eukaryota; k__Alveolata; p__Ciliophora; c__Intramacronucleata; o__Conthreep; f__Phyllopharyngea; g__Suctoria; s__Pyropia_sp.
ASV-333f8,d__Eukaryota; k__Alveolata; p__Dinoflagellata; c__Dinophyceae
ASV-89887,d__Eukaryota; k__Alveolata; p__Dinoflagellata; c__Dinophyceae; o__Gonyaulacales; f__Gonyaulacales; g__Azadinium; s__uncultured_marine
ASV-69dba,d__Eukaryota; k__Alveolata; p__Ciliophora; c__Intramacronucleata; o__Conthreep; f__Oligohymenophorea; g__Pseudovorticella
ASV-fd410,d__Eukaryota; k__Stramenopiles; p__Diatomea; c__Bacillariophyceae; o__Bacillariophyceae; f__Bacillariophyceae; g__Amphora
ASV-2e177,d__Eukaryota; k__Alveolata; p__Ciliophora; c__Intramacronucleata; o__Conthreep; f__Phyllopharyngea; g__Trochilia; s__Trochilia_petrani
ASV-fe493,d__Eukaryota; k__Alveolata; p__Ciliophora; c__Intramacronucleata; o__Conthreep; f__Oligohymenophorea; g__Zoothamnium; s__Zoothamnium_duplicatum
ASV-9772b,d__Eukaryota; k__Rhizaria; p__Cercozoa; c__Imbricatea; o__Imbricatea; f__Thaumatomonadida; g__D2P04A09; s__uncultured_marine
ASV-2f9b0,d__Eukaryota; k__Alveolata; p__Dinoflagellata; c__Dinoflagellata; o__Noctilucales; f__Noctilucales; g__Noctilucales; s__uncultured_eukaryote
ASV-ba4c1,d__Eukaryota; k__Alveolata; p__Ciliophora; c__Intramacronucleata; o__Conthreep; f__Oligohymenophorea; g__Vaginicola; s__uncultured_eukaryote
ASV-2e38a,d__Eukaryota; k__Alveolata; p__Dinoflagellata; c__Dinophyceae
ASV-3e165,d__Eukaryota; k__Alveolata; p__Ciliophora; c__Intramacronucleata; o__Spirotrichea; f__Hypotrichia; g__Holosticha; s__Holosticha_heterofoissneri
ASV-c3afd,d__Eukaryota; k__Stramenopiles; p__Peronosporomycetes; c__Peronosporomycetes; o__Peronosporomycetes; f__Peronosporomycetes
ASV-e37b8,d__Eukaryota; k__Rhizaria; p__Cercozoa; c__Thecofilosea; o__Thecofilosea; f__Thecofilosea; g__uncultured; s__uncultured_Rhizaria
ASV-d416d,d__Eukaryota; k__Alveolata; p__Dinoflagellata; c__Dinophyceae; o__Gymnodiniphycidae; f__Gymnodinium_clade
ASV-57bd2,d__Eukaryota
ASV-30f3a,d__Eukaryota; k__Alveolata; p__Dinoflagellata; c__Dinophyceae
ASV-ad285,d__Eukaryota; k__Alveolata; p__Dinoflagellata; c__Dinophyceae; o__Gymnodiniphycidae
ASV-30c64,d__Eukaryota; k__Alveolata; p__Ciliophora; c__Intramacronucleata; o__Conthreep; f__Phyllopharyngea; g__Suctoria; s__Pyropia_sp.
ASV-3e0b7,d__Eukaryota
ASV-01e4e,d__Eukaryota; k__Alveolata; p__Protalveolata; c__Syndiniales; o__Syndiniales; f__Syndiniales_Group_I; g__Syndiniales_Group_I; s__uncultured_Duboscquella
ASV-c45f9,d__Eukaryota; k__Stramenopiles; p__Ochrophyta; c__Eustigmatophyceae; o__Eustigmatales; f__Eustigmatales; g__phytoplankton; s__phytoplankton_environmental
ASV-83e60,d__Eukaryota; k__Alveolata; p__Ciliophora; c__Intramacronucleata; o__Conthreep; f__Oligohymenophorea; g__Zoothamnium
ASV-bc149,d__Eukaryota; k__Rhizaria; p__Cercozoa; c__Thecofilosea; o__Thecofilosea; f__Thecofilosea; g__uncultured; s__uncultured_Rhizaria
ASV-1bd8f,d__Eukaryota; k__Holozoa; p__Holozoa; c__Choanoflagellida; o__Craspedida; f__Salpingoecidae; g__Salpingoecidae; s__Salpingoeca_kvevrii
ASV-9db67,d__Eukaryota; k__Alveolata; p__Dinoflagellata; c__Dinoflagellata; o__Noctilucales; f__Noctilucales; g__Noctilucales; s__uncultured_eukaryote
ASV-0330e,d__Eukaryota; k__Alveolata; p__Ciliophora; c__Intramacronucleata; o__Conthreep; f__Oligohymenophorea; g__Pseudovorticella; s__Pseudovorticella_sp.
ASV-b3e10,d__Eukaryota; k__Rhizaria; p__Cercozoa; c__Thecofilosea; o__Thecofilosea; f__Thecofilosea; g__uncultured; s__uncultured_Rhizaria
ASV-c75d3,d__Eukaryota; k__Alveolata; p__Dinoflagellata; c__Dinophyceae; o__Gymnodiniphycidae
ASV-78259,d__Eukaryota; k__Alveolata; p__Dinoflagellata; c__Dinophyceae
ASV-e948c,d__Eukaryota; k__Chloroplastida; p__Chlorophyta; c__Chlorophyceae; o__Sphaeropleales; f__Sphaeropleales; g__Desmodesmus; s__Desmodesmus_sp.
ASV-af069,d__Eukaryota; k__Alveolata; p__Ciliophora; c__Intramacronucleata; o__Conthreep; f__Phyllopharyngea; g__Acineta; s__Acineta_tuberosa
ASV-49ce8,d__Eukaryota; k__Alveolata; p__Protalveolata; c__Syndiniales; o__Syndiniales; f__Syndiniales; g__Duboscquella; s__uncultured_eukaryote
ASV-6a344,d__Eukaryota; k__Alveolata; p__Ciliophora; c__Intramacronucleata; o__Conthreep; f__Oligohymenophorea; g__Pseudovorticella
ASV-dc539,d__Eukaryota; k__Alveolata; p__Ciliophora; c__Intramacronucleata; o__Conthreep; f__Oligohymenophorea; g__Vaginicola; s__Vaginicola_crystallina
ASV-9d497,d__Eukaryota; k__Stramenopiles; p__Labyrinthulomycetes; c__Labyrinthulomycetes; o__Labyrinthulomycetes; f__Thraustochytriaceae; g__Aplanochytrium; s__Labyrinthuloides_minuta
ASV-f1219,d__Eukaryota; k__Alveolata; p__Ciliophora; c__Intramacronucleata; o__Conthreep; f__Phyllopharyngea; g__Acineta; s__Acineta_tuberosa
ASV-00ddb,d__Eukaryota; k__Holozoa; p__Holozoa; c__Choanoflagellida; o__Craspedida; f__Salpingoecidae; g__Salpingoeca; s__Salpingoeca_urceolata
ASV-32e9b,d__Eukaryota; k__Stramenopiles; p__Labyrinthulomycetes; c__Labyrinthulomycetes; o__Labyrinthulomycetes; f__Labyrinthulaceae; g__Labyrinthula; s__uncultured_eukaryote
ASV-b440e,d__Eukaryota; k__Alveolata; p__Ciliophora; c__Intramacronucleata; o__Conthreep; f__Phyllopharyngea; g__Acineta; s__uncultured_eukaryote
ASV-460e1,d__Eukaryota; k__Alveolata; p__Ciliophora; c__Intramacronucleata; o__Spirotrichea; f__Hypotrichia; g__Holosticha; s__uncultured_marine
ASV-d99fb,d__Eukaryota; k__Alveolata; p__Ciliophora; c__Intramacronucleata; o__Conthreep; f__Phyllopharyngea; g__Acineta; s__Acineta_tuberosa
ASV-1089c,d__Eukaryota; k__Rhizaria; p__Cercozoa; c__Thecofilosea
ASV-61adb,d__Eukaryota; k__Stramenopiles; p__Diatomea; c__Mediophyceae; o__Mediophyceae; f__Mediophyceae; g__Skeletonema; s__Skeletonema_menzellii
ASV-b1bb0,d__Eukaryota; k__Alveolata; p__Ciliophora; c__Intramacronucleata; o__Conthreep; f__Phyllopharyngea; g__Aegyriana; s__Aegyriana_cf.
ASV-e4126,d__Eukaryota; k__Stramenopiles; p__Labyrinthulomycetes; c__Labyrinthulomycetes; o__Labyrinthulomycetes; f__Thraustochytriaceae; g__uncultured; s__Thraustochytriidae_sp.
ASV-56588,d__Eukaryota; k__Alveolata; p__Dinoflagellata; c__Dinophyceae; o__Peridiniales; f__Peridiniales; g__Protoperidinium; s__Protoperidinium_monovelum
ASV-f7e19,d__Eukaryota; k__Stramenopiles; p__Diatomea; c__Mediophyceae; o__Mediophyceae; f__Mediophyceae; g__Thalassiosira; s__Thalassiosira_lundiana
ASV-6a5c9,d__Eukaryota; k__Alveolata; p__Dinoflagellata; c__Dinophyceae; o__Peridiniales; f__Peridiniales; g__Protoperidinium; s__Protoperidinium_monovelum
ASV-fc2fe,d__Eukaryota; k__Alveolata; p__Dinoflagellata; c__Dinophyceae
ASV-6975d,d__Eukaryota; k__Alveolata; p__Ciliophora; c__Intramacronucleata; o__Conthreep; f__Phyllopharyngea; g__Acineta; s__Acineta_tuberosa
ASV-617ea,d__Eukaryota; k__Alveolata; p__Ciliophora; c__Intramacronucleata; o__Conthreep; f__Phyllopharyngea; g__Suctoria; s__metagenome
ASV-393c1,d__Eukaryota; k__Chloroplastida; p__Chlorophyta; c__Chlorodendrophyceae; o__Chlorodendrophyceae; f__Chlorodendrophyceae; g__Chlorodendrophyceae; s__Tetraselmis_sp.
ASV-c2e75,d__Eukaryota; k__Stramenopiles; p__Diatomea; c__Mediophyceae; o__Mediophyceae; f__Mediophyceae; g__Chaetoceros; s__Chaetoceros_sp.
ASV-c9165,d__Eukaryota; k__Stramenopiles; p__Diatomea; c__Bacillariophyceae; o__Bacillariophyceae; f__Bacillariophyceae; g__Amphora
ASV-62648,d__Eukaryota; k__Alveolata; p__Ciliophora; c__Intramacronucleata; o__Conthreep; f__Phyllopharyngea; g__Ephelota; s__Ephelota_gigantea
ASV-7bbc7,d__Eukaryota; k__Chloroplastida; p__Chlorophyta; c__Chlorodendrophyceae; o__Chlorodendrales; f__Chlorodendrales; g__Tetraselmis; s__uncultured_prasinophyte
ASV-407e9,d__Eukaryota; k__Chloroplastida; p__Chlorophyta; c__Trebouxiophyceae; o__Trebouxiophyceae; f__Trebouxiophyceae; g__Trebouxiophyceae
ASV-92c9f,d__Eukaryota; k__Chloroplastida; p__Chlorophyta; c__Chlorodendrophyceae
ASV-d7091,d__Eukaryota; k__Alveolata; p__Dinoflagellata; c__Dinophyceae
ASV-78864,d__Eukaryota; k__Alveolata; p__Dinoflagellata; c__Dinophyceae; o__Gonyaulacales; f__Gonyaulacales; g__Fragilidium; s__Fragilidium_sp.
ASV-5320e,d__Eukaryota; k__Alveolata; p__Protalveolata; c__Syndiniales; o__Syndiniales; f__Syndiniales_Group_I; g__Syndiniales_Group_I
ASV-db974,d__Eukaryota; k__Stramenopiles; p__Labyrinthulomycetes; c__Labyrinthulomycetes; o__Labyrinthulomycetes; f__Thraustochytriaceae; g__uncultured; s__uncultured_labyrinthulid
ASV-7ca83,d__Eukaryota; k__Alveolata; p__Dinoflagellata; c__Dinophyceae; o__Gonyaulacales; f__Gonyaulacales; g__Pyrophacus; s__Pyrophacus_steinii
ASV-38ffb,d__Eukaryota; k__Alveolata; p__Dinoflagellata; c__Dinophyceae; o__Gymnodiniphycidae; f__Gymnodiniphycidae; g__Amphidinium; s__Amphidinium_sp.
ASV-c0b10,d__Eukaryota; k__Stramenopiles; p__Diatomea; c__Coscinodiscophytina; o__Coscinodiscophytina; f__Coscinodiscophytina; g__Coscinodiscus; s__Coscinodiscus_sp.
ASV-e6077,d__Eukaryota; k__Alveolata; p__Dinoflagellata; c__Incertae_Sedis; o__Incertae_Sedis; f__Incertae_Sedis; g__Haplozoon; s__uncultured_eukaryote
ASV-5fee4,d__Eukaryota; k__Alveolata; p__Dinoflagellata; c__Dinophyceae
ASV-c7b0b,d__Eukaryota; k__Alveolata; p__Dinoflagellata; c__Dinophyceae; o__Gonyaulacales; f__Gonyaulacales; g__Alexandrium
ASV-f00f5,d__Eukaryota; k__Haptophyta; p__Prymnesiophyceae; c__Prymnesiophyceae; o__Prymnesiales; f__Prymnesiales; g__Chrysochromulina
ASV-96d17,d__Eukaryota; k__Alveolata; p__Ciliophora; c__Intramacronucleata; o__Conthreep; f__Phyllopharyngea; g__Acineta; s__Acineta_tuberosa
ASV-d9164,d__Eukaryota; k__Alveolata; p__Dinoflagellata; c__Dinophyceae; o__Gymnodiniphycidae; f__Gymnodiniphycidae; g__Gyrodinium
ASV-ce1e1,d__Eukaryota; k__Stramenopiles; p__Diatomea; c__Mediophyceae; o__Mediophyceae; f__Mediophyceae; g__Arcocellulus; s__Arcocellulus_cornucervis
ASV-13005,d__Eukaryota; k__Holozoa; p__Holozoa; c__Choanoflagellida; o__Craspedida; f__Salpingoecidae; g__Freshwater_Choanoflagellates_2; s__uncultured_freshwater
ASV-7f2f6,d__Eukaryota; k__Stramenopiles; p__Labyrinthulomycetes; c__Labyrinthulomycetes; o__Labyrinthulomycetes; f__Thraustochytriaceae; g__Aplanochytrium; s__Labyrinthuloides_minuta
ASV-db26f,d__Eukaryota; k__Chloroplastida; p__Chlorophyta; c__Chlorophyceae; o__Sphaeropleales; f__Sphaeropleales; g__Desmodesmus; s__Desmodesmus_sp.
ASV-f619e,d__Eukaryota; k__Alveolata; p__Dinoflagellata; c__Dinophyceae
ASV-774df,d__Eukaryota; k__Alveolata; p__Dinoflagellata; c__Dinoflagellata; o__Noctilucales; f__Noctilucales; g__Noctilucales; s__uncultured_eukaryote
ASV-aa5b8,d__Eukaryota; k__Stramenopiles; p__Diatomea; c__Mediophyceae; o__Mediophyceae; f__Mediophyceae; g__Thalassiosira; s__Thalassiosira_lundiana
ASV-5d49b,d__Eukaryota; k__Alveolata; p__Protalveolata; c__Syndiniales; o__Syndiniales; f__Syndiniales; g__Duboscquella; s__uncultured_eukaryote
ASV-90460,d__Eukaryota; k__Stramenopiles; p__Diatomea; c__Coscinodiscophytina; o__Coscinodiscophytina; f__Rhizosolenids; g__Leptocylindrus; s__Leptocylindrus_danicus
ASV-f6f97,d__Eukaryota; k__Rhizaria; p__Cercozoa; c__Thecofilosea; o__Thecofilosea; f__Thecofilosea; g__uncultured; s__uncultured_Rhizaria
ASV-e8ecb,d__Eukaryota; k__Holozoa; p__Holozoa; c__Choanoflagellida; o__Craspedida; f__Salpingoecidae; g__Salpingoecidae; s__Salpingoeca_kvevrii
ASV-1ab85,d__Eukaryota; k__Chloroplastida; p__Chlorophyta; c__Chlorodendrophyceae; o__Chlorodendrales; f__Chlorodendrales; g__Tetraselmis; s__Tetraselmis_sp.
ASV-f2304,d__Eukaryota
ASV-373cd,d__Eukaryota; k__Alveolata; p__Dinoflagellata; c__Dinophyceae; o__Gymnodiniphycidae; f__Gymnodiniphycidae; g__Gyrodinium; s__uncultured_marine
ASV-65914,d__Eukaryota; k__Holozoa; p__Holozoa; c__Choanoflagellida; o__Craspedida; f__Salpingoecidae; g__Salpingoeca; s__Salpingoeca_urceolata
ASV-89e1b,d__Eukaryota; k__Alveolata; p__Ciliophora; c__Intramacronucleata; o__Conthreep; f__Prostomatea; g__Placus; s__Placus_salinus
ASV-e1920,d__Eukaryota; k__Alveolata; p__Ciliophora; c__Intramacronucleata; o__Conthreep; f__Phyllopharyngea; g__Paracineta; s__Paracineta_limbata
ASV-e455f,d__Eukaryota; k__Alveolata; p__Dinoflagellata; c__Dinophyceae
ASV-81fa3,d__Eukaryota; k__Alveolata; p__Dinoflagellata; c__Dinoflagellata; o__Noctilucales; f__Noctilucales; g__Noctilucales; s__uncultured_eukaryote
ASV-e96be,d__Eukaryota; k__Stramenopiles; p__Diatomea; c__Mediophyceae; o__Mediophyceae; f__Mediophyceae; g__Skeletonema
ASV-f6fb4,d__Eukaryota; k__Alveolata; p__Ciliophora; c__Intramacronucleata; o__Conthreep; f__Oligohymenophorea; g__Vaginicola; s__Vaginicola_crystallina
ASV-ade5a,d__Eukaryota; k__Alveolata; p__Ciliophora; c__Intramacronucleata; o__Conthreep; f__Phyllopharyngea; g__Acineta; s__uncultured_eukaryote
ASV-b4a61,d__Eukaryota; k__Stramenopiles; p__Diatomea; c__Coscinodiscophytina; o__Coscinodiscophytina; f__Coscinodiscophytina; g__Actinocyclus; s__uncultured_marine
ASV-d89ef,d__Eukaryota; k__Incertae_Sedis; p__Apusomonadidae; c__Apusomonadidae; o__Apusomonadidae; f__Apusomonadidae; g__Amastigomonas; s__uncultured_Apusomonadidae
ASV-e0194,d__Eukaryota; k__Stramenopiles; p__Diatomea; c__Bacillariophyceae; o__Bacillariophyceae; f__Bacillariophyceae; g__Amphora
ASV-e90a5,d__Eukaryota; k__Alveolata; p__Dinoflagellata; c__Dinophyceae; o__Gonyaulacales; f__Gonyaulacales; g__Pyrophacus; s__Pyrophacus_steinii
ASV-c31b4,d__Eukaryota; k__Alveolata; p__Ciliophora; c__Intramacronucleata; o__Conthreep; f__Phyllopharyngea; g__Acineta; s__uncultured_eukaryote
ASV-74b37,d__Eukaryota; k__Stramenopiles; p__Diatomea; c__Mediophyceae; o__Mediophyceae; f__Mediophyceae; g__Chaetoceros; s__Chaetoceros_elegans
ASV-64f7d,d__Eukaryota; k__Stramenopiles; p__Diatomea; c__Mediophyceae; o__Mediophyceae; f__Mediophyceae; g__Cyclotella; s__Cyclotella_choctawhatcheeana
ASV-0689d,d__Eukaryota; k__Stramenopiles; p__Diatomea; c__Mediophyceae; o__Mediophyceae; f__Mediophyceae; g__Thalassiosira
ASV-b1432,d__Eukaryota; k__Stramenopiles; p__Diatomea; c__Mediophyceae; o__Mediophyceae; f__Mediophyceae; g__Thalassiosira; s__Thalassiosira_concaviuscula
ASV-a9b2e,d__Eukaryota; k__Stramenopiles; p__Labyrinthulomycetes; c__Labyrinthulomycetes; o__Labyrinthulomycetes; f__Labyrinthulaceae; g__Labyrinthula; s__uncultured_eukaryote
ASV-6946b,d__Eukaryota; k__Alveolata; p__Ciliophora; c__Intramacronucleata; o__Conthreep; f__Phyllopharyngea; g__Suctoria; s__Pyropia_sp.
ASV-f075a,d__Eukaryota; k__Alveolata; p__Ciliophora; c__Intramacronucleata; o__Conthreep; f__Phyllopharyngea; g__Acineta; s__Acineta_flava
ASV-57607,d__Eukaryota; k__Alveolata; p__Ciliophora; c__Intramacronucleata; o__Conthreep; f__Phyllopharyngea; g__Paracineta; s__Paracineta_limbata
ASV-3422b,d__Eukaryota; k__Alveolata; p__Protalveolata; c__Chromerida; o__Chromerida; f__Chromerida; g__Chromera; s__uncultured_freshwater
ASV-66f14,d__Eukaryota; k__Alveolata; p__Protalveolata; c__Syndiniales; o__Syndiniales; f__Syndiniales; g__Duboscquella; s__uncultured_eukaryote
ASV-e528f,d__Eukaryota; k__Alveolata; p__Ciliophora; c__Intramacronucleata; o__Conthreep; f__Phyllopharyngea; g__Suctoria; s__Pyropia_sp.
ASV-f15e7,d__Eukaryota; k__Holozoa; p__Holozoa; c__Choanoflagellida; o__Craspedida; f__Salpingoecidae; g__Freshwater_Choanoflagellates_2; s__uncultured_freshwater
ASV-c6bb4,d__Eukaryota; k__Rhizaria; p__Retaria; c__RAD_B; o__RAD_B; f__RAD_B; g__RAD_B; s__uncultured_Polycystinea
ASV-90157,d__Eukaryota; k__Alveolata; p__Dinoflagellata; c__Dinophyceae
ASV-7246a,d__Eukaryota; k__Stramenopiles; p__Diatomea; c__Mediophyceae; o__Mediophyceae; f__Mediophyceae; g__Cyclotella; s__Cyclotella_meneghiniana
ASV-34aac,d__Eukaryota; k__Alveolata; p__Ciliophora; c__Intramacronucleata; o__Conthreep; f__Phyllopharyngea; g__Acineta; s__Acineta_sp.
ASV-b6448,d__Eukaryota
ASV-662c7,d__Eukaryota
ASV-11989,d__Eukaryota; k__Alveolata; p__Dinoflagellata; c__Dinophyceae; o__Gymnodiniphycidae; f__Gymnodinium_clade
ASV-e1d5a,d__Eukaryota; k__Alveolata; p__Ciliophora; c__Intramacronucleata; o__Conthreep; f__Phyllopharyngea; g__Trochilia; s__Trochilia_petrani
ASV-35504,d__Eukaryota; k__Alveolata; p__Ciliophora; c__Intramacronucleata; o__Conthreep; f__Phyllopharyngea; g__Acineta; s__Acineta_tuberosa
ASV-d799a,d__Eukaryota; k__Stramenopiles; p__Diatomea; c__Mediophyceae; o__Mediophyceae; f__Mediophyceae; g__Thalassiosira; s__Conticribra_weissflogii
ASV-43f61,d__Eukaryota; k__Stramenopiles; p__Diatomea; c__Bacillariophyceae; o__Bacillariophyceae; f__Bacillariophyceae
ASV-e35dd,d__Eukaryota; k__Alveolata; p__Ciliophora; c__Intramacronucleata; o__Conthreep; f__Phyllopharyngea; g__Ephelota; s__Ephelota_gigantea
ASV-7c9b9,d__Eukaryota
ASV-8fb2e,d__Eukaryota; k__Incertae_Sedis; p__Apusomonadidae; c__Apusomonadidae; o__Apusomonadidae; f__Apusomonadidae; g__Amastigomonas; s__uncultured_Apusomonadidae
ASV-a6e3e,d__Eukaryota; k__Stramenopiles; p__Labyrinthulomycetes; c__Labyrinthulomycetes; o__Labyrinthulomycetes; f__Thraustochytriaceae; g__Aplanochytrium; s__Labyrinthuloides_minuta
ASV-04ade,d__Eukaryota; k__Alveolata; p__Dinoflagellata; c__Dinophyceae
ASV-1b864,d__Eukaryota; k__Stramenopiles; p__Labyrinthulomycetes; c__Labyrinthulomycetes; o__Labyrinthulomycetes; f__Labyrinthulaceae; g__Labyrinthula; s__uncultured_eukaryote
ASV-098e7,d__Eukaryota; k__Stramenopiles; p__Peronosporomycetes; c__Peronosporomycetes; o__Peronosporomycetes; f__Peronosporomycetes
ASV-25810,d__Eukaryota; k__Chloroplastida; p__Chlorophyta; c__Trebouxiophyceae; o__Trebouxiophyceae; f__Trebouxiophyceae; g__Trebouxiophyceae; s__uncultured_Nannochloris
ASV-fb61a,d__Eukaryota; k__Alveolata; p__Protalveolata; c__Syndiniales; o__Syndiniales; f__Syndiniales_Group_I; g__Syndiniales_Group_I; s__uncultured_eukaryote
ASV-a59ff,d__Eukaryota; k__Stramenopiles; p__Diatomea; c__Bacillariophyceae; o__Bacillariophyceae; f__Bacillariophyceae; g__Amphora
ASV-08506,d__Eukaryota; k__Alveolata; p__Dinoflagellata; c__Dinophyceae; o__Gymnodiniphycidae; f__Gymnodiniphycidae; g__Gyrodinium
ASV-57142,d__Eukaryota; k__Stramenopiles; p__Diatomea; c__Mediophyceae; o__Mediophyceae; f__Mediophyceae; g__Thalassiosira
ASV-2b044,d__Eukaryota; k__Stramenopiles; p__Diatomea; c__Mediophyceae; o__Mediophyceae; f__Mediophyceae; g__Chaetoceros
ASV-00510,d__Eukaryota; k__Alveolata; p__Ciliophora; c__Intramacronucleata; o__Conthreep; f__Oligohymenophorea; g__Vaginicola; s__Vaginicola_sp.
ASV-2c294,d__Eukaryota; k__Chloroplastida; p__Chlorophyta; c__Chlorodendrophyceae; o__Chlorodendrophyceae; f__Chlorodendrophyceae; g__Chlorodendrophyceae; s__Tetraselmis_sp.
ASV-d7c34,d__Eukaryota; k__Alveolata
ASV-e5551,d__Eukaryota; k__Alveolata; p__Dinoflagellata; c__Dinophyceae; o__Gymnodiniphycidae; f__Suessiaceae; g__Pelagodinium; s__uncultured_eukaryote
ASV-c9ce1,d__Eukaryota; k__Alveolata; p__Protalveolata; c__Syndiniales; o__Syndiniales; f__Syndiniales_Group_I; g__Syndiniales_Group_I; s__uncultured_alveolate
ASV-5edc6,d__Eukaryota; k__Alveolata; p__Dinoflagellata; c__Dinophyceae; o__Gonyaulacales; f__Gonyaulacales; g__Gonyaulax; s__Spiniferites_belerius
ASV-b6cae,d__Eukaryota; k__Alveolata
ASV-f6bb5,d__Eukaryota; k__Stramenopiles; p__Bicosoecida; c__Bicosoecida; o__Bicosoecida; f__Bicosoecida; g__Bicosoeca; s__uncultured_stramenopile
ASV-fd114,d__Eukaryota; k__Rhizaria; p__Cercozoa; c__Thecofilosea; o__Thecofilosea; f__Thecofilosea; g__uncultured; s__uncultured_Rhizaria
ASV-de572,d__Eukaryota; k__Rhizaria; p__Cercozoa; c__Thecofilosea; o__Cryomonadida; f__Ventrifissuridae; g__Ventrifissuridae; s__uncultured_Cercozoa
ASV-b68b4,d__Eukaryota; k__Alveolata; p__Ciliophora; c__Intramacronucleata; o__Conthreep; f__Phyllopharyngea; g__Acineta; s__Acineta_tuberosa
ASV-0ff02,d__Eukaryota; k__Rhizaria; p__Cercozoa; c__Thecofilosea; o__Ebriacea; f__Ebriacea; g__Ebria
ASV-c0f66,d__Eukaryota; k__Alveolata; p__Ciliophora; c__Intramacronucleata; o__Conthreep; f__Phyllopharyngea; g__Acineta; s__Acineta_sp.
ASV-53943,d__Eukaryota; k__Chloroplastida; p__Chlorophyta; c__Chlorodendrophyceae; o__Chlorodendrophyceae; f__Chlorodendrophyceae; g__Chlorodendrophyceae; s__Tetraselmis_sp.
ASV-30861,d__Eukaryota; k__Alveolata; p__Ciliophora; c__Intramacronucleata; o__Conthreep; f__Phyllopharyngea; g__Trochilia; s__Trochilia_petrani
ASV-97b81,d__Eukaryota; k__Rhizaria; p__Cercozoa; c__Thecofilosea; o__Thecofilosea; f__Thecofilosea; g__uncultured; s__uncultured_Rhizaria
ASV-f23a6,d__Eukaryota; k__Alveolata; p__Dinoflagellata; c__Dinophyceae; o__Gymnodiniphycidae
ASV-a2842,d__Eukaryota; k__Stramenopiles; p__Labyrinthulomycetes; c__Labyrinthulomycetes; o__Labyrinthulomycetes; f__Thraustochytriaceae; g__Aplanochytrium; s__Labyrinthuloides_minuta
ASV-e5c48,d__Eukaryota; k__Stramenopiles; p__Diatomea; c__Mediophyceae; o__Mediophyceae; f__Mediophyceae; g__Skeletonema
ASV-d648a,d__Eukaryota; k__Alveolata; p__Dinoflagellata; c__Dinophyceae; o__Peridiniphycidae; f__Thoracosphaeraceae; g__Oodinium; s__eukaryote_clone
ASV-a7477,d__Eukaryota; k__Alveolata; p__Dinoflagellata; c__Dinophyceae
ASV-f93a5,d__Eukaryota; k__Alveolata; p__Protalveolata; c__Syndiniales; o__Syndiniales; f__Syndiniales_Group_II; g__Syndiniales_Group_II
ASV-1b22b,d__Eukaryota; k__Chloroplastida; p__Chlorophyta; c__Chlorodendrophyceae
ASV-2d92b,d__Eukaryota; k__Chloroplastida; p__Chlorophyta; c__Trebouxiophyceae; o__Incertae_Sedis; f__Incertae_Sedis; g__Picochlorum; s__Picochlorum_maculatum
ASV-6827c,d__Eukaryota; k__Alveolata; p__Ciliophora; c__Intramacronucleata; o__Conthreep; f__Phyllopharyngea; g__Paracineta; s__Paracineta_limbata
ASV-0bd90,d__Eukaryota; k__Alveolata; p__Ciliophora; c__Intramacronucleata; o__Conthreep; f__Oligohymenophorea; g__Zoothamnopsis; s__Zoothamnium_sp.
ASV-36a57,d__Eukaryota; k__Stramenopiles; p__Peronosporomycetes; c__Peronosporomycetes; o__Peronosporomycetes; f__Peronosporomycetes; g__Peronosporomycetes; s__Haliphthoros_sp.
ASV-da438,d__Eukaryota; k__Alveolata; p__Protalveolata; c__Syndiniales; o__Syndiniales; f__Syndiniales_Group_I; g__Syndiniales_Group_I; s__uncultured_eukaryote
ASV-0c3e5,d__Eukaryota; k__Alveolata; p__Dinoflagellata; c__Dinophyceae; o__Peridiniphycidae; f__Thoracosphaeraceae; g__Thoracosphaeraceae; s__uncultured_eukaryote
ASV-44365,d__Eukaryota; k__Rhizaria; p__Cercozoa; c__Novel_Clade_2; o__Novel_Clade_2; f__Novel_Clade_2; g__Novel_Clade_2; s__uncultured_marine
ASV-fb004,d__Eukaryota; k__Alveolata; p__Ciliophora; c__Intramacronucleata; o__Spirotrichea; f__Choreotrichia; g__Eutintinnus
ASV-504e7,d__Eukaryota; k__Alveolata; p__Dinoflagellata; c__Dinophyceae; o__Gymnodiniphycidae
ASV-f858e,d__Eukaryota; k__Stramenopiles; p__Diatomea; c__Bacillariophyceae; o__Bacillariophyceae; f__Bacillariophyceae; g__Navicula; s__Naviculales_sp.
ASV-f45c8,d__Eukaryota; k__Stramenopiles; p__Diatomea; c__Bacillariophyceae; o__Bacillariophyceae
ASV-4f8d6,d__Eukaryota; k__Alveolata; p__Dinoflagellata; c__Dinophyceae; o__Gonyaulacales; f__Gonyaulacales; g__Pyrocystis
ASV-f09f6,d__Eukaryota; k__Stramenopiles; p__Labyrinthulomycetes; c__Labyrinthulomycetes; o__Labyrinthulomycetes; f__Labyrinthulaceae; g__Labyrinthula; s__uncultured_eukaryote
ASV-023a6,d__Eukaryota; k__Alveolata; p__Dinoflagellata; c__Dinophyceae
ASV-8bcf5,d__Eukaryota; k__Stramenopiles; p__Labyrinthulomycetes; c__Labyrinthulomycetes; o__Labyrinthulomycetes; f__Labyrinthulaceae; g__Labyrinthula; s__uncultured_eukaryote
ASV-98f4e,d__Eukaryota; k__Alveolata; p__Dinoflagellata; c__Dinophyceae; o__Gonyaulacales; f__Gonyaulacales; g__Pyrophacus; s__Pyrophacus_steinii
ASV-066da,d__Eukaryota; k__Rhizaria; p__Cercozoa; c__Cercozoa; o__Cercozoa; f__Cercozoa; g__Cercozoa; s__uncultured_eukaryote
ASV-332d9,d__Eukaryota; k__Alveolata; p__Dinoflagellata; c__Dinophyceae
ASV-00196,d__Eukaryota; k__Holozoa; p__Holozoa; c__Choanoflagellida
ASV-3c392,d__Eukaryota; k__Alveolata; p__Dinoflagellata; c__Dinoflagellata; o__Noctilucales; f__Noctilucales; g__Noctilucales; s__uncultured_eukaryote
ASV-50941,d__Eukaryota; k__Alveolata; p__Protalveolata; c__Syndiniales; o__Syndiniales; f__Syndiniales_Group_I; g__Syndiniales_Group_I; s__Karlodinium_veneficum
ASV-03ec7,d__Eukaryota; k__Alveolata; p__Ciliophora; c__Intramacronucleata; o__Conthreep; f__Phyllopharyngea; g__Suctoria; s__Pyropia_sp.
ASV-87670,d__Eukaryota; k__Alveolata; p__Ciliophora; c__Intramacronucleata; o__Conthreep; f__Phyllopharyngea; g__Acineta; s__Acineta_tuberosa
ASV-77188,d__Eukaryota; k__Stramenopiles; p__Diatomea; c__Mediophyceae; o__Mediophyceae; f__Mediophyceae; g__Chaetoceros; s__Chaetoceros_sp.
ASV-7242f,d__Eukaryota; k__Stramenopiles; p__Diatomea; c__Bacillariophyceae; o__Bacillariophyceae; f__Bacillariophyceae; g__Cylindrotheca; s__Cylindrotheca_closterium
ASV-54c41,d__Eukaryota; k__Stramenopiles; p__Diatomea; c__Mediophyceae; o__Mediophyceae; f__Mediophyceae; g__Thalassiosira; s__uncultured_stramenopile
ASV-15100,d__Eukaryota; k__Alveolata; p__Dinoflagellata; c__Dinoflagellata; o__Noctilucales; f__Noctilucales; g__Noctilucales; s__uncultured_eukaryote
ASV-f1382,d__Eukaryota; k__Stramenopiles; p__Diatomea; c__Mediophyceae; o__Mediophyceae; f__Mediophyceae; g__Skeletonema
ASV-65a78,d__Eukaryota; k__Stramenopiles; p__Diatomea; c__Bacillariophyceae; o__Bacillariophyceae; f__Bacillariophyceae; g__Amphora
ASV-3d9be,d__Eukaryota; k__Alveolata; p__Protalveolata; c__Chromerida; o__Chromerida; f__Chromerida; g__Chromera; s__uncultured_freshwater
ASV-5ef3f,d__Eukaryota; k__Alveolata; p__Dinoflagellata
ASV-10242,d__Eukaryota; k__Alveolata; p__Protalveolata; c__Syndiniales; o__Syndiniales; f__Syndiniales; g__Duboscquella; s__uncultured_eukaryote
ASV-f5e57,d__Eukaryota; k__Alveolata; p__Protalveolata; c__Syndiniales; o__Syndiniales; f__Syndiniales_Group_I; g__Syndiniales_Group_I; s__uncultured_Duboscquella
ASV-74b52,d__Eukaryota; k__Holozoa; p__Holozoa; c__Choanoflagellida; o__Craspedida; f__Salpingoecidae; g__Freshwater_Choanoflagellates_2; s__uncultured_freshwater
ASV-945fd,d__Eukaryota; k__Stramenopiles; p__Diatomea; c__Mediophyceae; o__Mediophyceae; f__Mediophyceae; g__Thalassiosira
ASV-f9210,d__Eukaryota; k__Alveolata; p__Ciliophora; c__Intramacronucleata; o__Spirotrichea; f__Oligotrichia; g__Spirotontonia; s__uncultured_marine
ASV-45d6b,d__Eukaryota; k__Alveolata; p__Ciliophora; c__Intramacronucleata; o__Conthreep; f__Phyllopharyngea; g__Acineta; s__Acineta_sp.
ASV-bd483,d__Eukaryota; k__Alveolata; p__Dinoflagellata; c__Dinophyceae
ASV-3c83d,d__Eukaryota; k__Alveolata; p__Dinoflagellata; c__Dinophyceae; o__Gymnodiniphycidae; f__Suessiaceae; g__Pelagodinium
ASV-5aa09,d__Eukaryota; k__Alveolata; p__Ciliophora; c__Intramacronucleata; o__Conthreep; f__Prostomatea; g__Cryptocaryon; s__uncultured_eukaryote
ASV-2eb12,d__Eukaryota; k__Rhizaria; p__Cercozoa; c__Novel_Clade_2; o__Novel_Clade_2; f__Novel_Clade_2; g__Novel_Clade_2
ASV-cdc3d,d__Eukaryota; k__Alveolata; p__Ciliophora; c__Intramacronucleata; o__Conthreep; f__Phyllopharyngea; g__Acineta; s__Acineta_sp.
ASV-a4ae8,d__Eukaryota; k__Stramenopiles; p__Diatomea; c__Coscinodiscophytina; o__Coscinodiscophytina; f__Coscinodiscophytina; g__Actinocyclus
ASV-47c1f,d__Eukaryota; k__Alveolata; p__Ciliophora; c__Intramacronucleata; o__Conthreep; f__Oligohymenophorea; g__Vaginicola
ASV-3c2ae,d__Eukaryota; k__Alveolata; p__Dinoflagellata
ASV-20338,d__Eukaryota; k__Stramenopiles; p__Diatomea; c__Mediophyceae; o__Mediophyceae; f__Mediophyceae; g__Thalassiosira; s__uncultured_Skeletonema
ASV-0fe27,d__Eukaryota; k__Alveolata; p__Ciliophora; c__Intramacronucleata; o__Conthreep; f__Phyllopharyngea; g__Suctoria; s__metagenome
ASV-64851,d__Eukaryota; k__Stramenopiles; p__Diatomea; c__Mediophyceae; o__Mediophyceae; f__Mediophyceae; g__Cyclotella; s__Cyclotella_choctawhatcheeana
ASV-3a1f3,d__Eukaryota; k__Alveolata; p__Ciliophora; c__Intramacronucleata; o__Conthreep; f__Oligohymenophorea; g__Zoothamnium
ASV-881ff,d__Eukaryota; k__Rhizaria; p__Cercozoa; c__Thecofilosea; o__Cryomonadida; f__Ventrifissuridae; g__Ventrifissuridae; s__uncultured_Cercozoa
ASV-7ba4d,d__Eukaryota; k__Cryptophyceae; p__Kathablepharidae; c__Kathablepharidae; o__Kathablepharidae; f__Kathablepharidae; g__Leucocryptos; s__Leucocryptos_marina
ASV-0548a,d__Eukaryota; k__Alveolata; p__Protalveolata; c__Syndiniales; o__Syndiniales; f__Syndiniales; g__Duboscquella; s__uncultured_eukaryote
ASV-382c7,d__Eukaryota; k__Rhizaria; p__Cercozoa; c__Thecofilosea; o__Ebriacea; f__Ebriacea; g__Ebria
ASV-ab8ed,d__Eukaryota; k__Stramenopiles; p__Labyrinthulomycetes; c__Labyrinthulomycetes; o__Labyrinthulomycetes; f__Labyrinthulaceae; g__Labyrinthula; s__uncultured_eukaryote
ASV-b6365,d__Eukaryota; k__Stramenopiles; p__Diatomea; c__Bacillariophyceae; o__Bacillariophyceae; f__Bacillariophyceae; g__Nitzschia
ASV-abb7c,d__Eukaryota; k__Holozoa; p__Holozoa; c__Choanoflagellida; o__Craspedida; f__Salpingoecidae; g__Salpingoeca; s__uncultured_eukaryote
ASV-8e221,d__Eukaryota; k__Alveolata; p__Dinoflagellata; c__Dinophyceae
ASV-17afb,d__Eukaryota; k__Rhizaria; p__Cercozoa; c__Thecofilosea; o__Cryomonadida; f__Ventrifissuridae; g__Ventrifissuridae; s__uncultured_Cercozoa
ASV-daaa2,d__Eukaryota; k__Alveolata; p__Ciliophora; c__Intramacronucleata; o__Conthreep; f__Phyllopharyngea; g__Acineta; s__Acineta_tuberosa
ASV-4faae,d__Eukaryota; k__Stramenopiles; p__Diatomea; c__Mediophyceae; o__Mediophyceae; f__Mediophyceae; g__Thalassiosira; s__uncultured_stramenopile
ASV-e245e,d__Eukaryota; k__Alveolata; p__Ciliophora; c__Intramacronucleata; o__Litostomatea; f__Haptoria; g__Chaenea; s__Chaenea_vorax
ASV-2201f,d__Eukaryota; k__Stramenopiles; p__Peronosporomycetes; c__Peronosporomycetes; o__Peronosporomycetes; f__Peronosporomycetes
ASV-5edd3,d__Eukaryota; k__Alveolata; p__Dinoflagellata; c__Dinophyceae; o__Gonyaulacales; f__Gonyaulacales; g__Gonyaulax
ASV-377bf,d__Eukaryota; k__Stramenopiles; p__Diatomea; c__Mediophyceae; o__Mediophyceae; f__Mediophyceae; g__Thalassiosira; s__uncultured_Skeletonema
ASV-aec98,d__Eukaryota; k__Chloroplastida; p__Chlorophyta; c__Chlorodendrophyceae
ASV-73618,d__Eukaryota; k__Alveolata; p__Ciliophora; c__Intramacronucleata; o__Conthreep; f__Phyllopharyngea; g__Acineta; s__Acineta_tuberosa
ASV-028a8,d__Eukaryota; k__Alveolata; p__Ciliophora; c__Intramacronucleata; o__Conthreep; f__Oligohymenophorea; g__Zoothamnium; s__Zoothamnium_florens
ASV-0c00f,d__Eukaryota; k__Alveolata; p__Ciliophora; c__Intramacronucleata; o__Conthreep; f__Phyllopharyngea; g__Acineta; s__Acineta_sp.
ASV-a4bdb,d__Eukaryota; k__Alveolata; p__Ciliophora; c__Intramacronucleata; o__Conthreep; f__Phyllopharyngea; g__Acineta; s__Acineta_sp.
ASV-fa6f7,d__Eukaryota; k__Alveolata; p__Ciliophora; c__Intramacronucleata; o__Spirotrichea; f__Spirotrichea; g__Spirotrichea; s__uncultured_alveolate
ASV-1a5bb,d__Eukaryota; k__Alveolata; p__Protalveolata; c__Syndiniales; o__Syndiniales; f__Syndiniales_Group_I; g__Syndiniales_Group_I; s__uncultured_Duboscquella
ASV-81c04,d__Eukaryota; k__Alveolata; p__Dinoflagellata; c__Dinophyceae; o__Peridiniphycidae; f__Thoracosphaeraceae; g__Scrippsiella; s__uncultured_eukaryote
ASV-28040,d__Eukaryota; k__Alveolata; p__Dinoflagellata; c__Dinophyceae; o__Gymnodiniphycidae; f__Gymnodiniphycidae; g__Gyrodinium; s__uncultured_eukaryote
ASV-3d3d1,d__Eukaryota
ASV-3e276,d__Eukaryota; k__Alveolata; p__Dinoflagellata; c__Dinophyceae
ASV-91f04,d__Eukaryota; k__Stramenopiles; p__Labyrinthulomycetes; c__Labyrinthulomycetes; o__Labyrinthulomycetes; f__Thraustochytriaceae; g__Aplanochytrium; s__Labyrinthuloides_minuta
ASV-fa146,d__Eukaryota; k__Alveolata; p__Protalveolata; c__Syndiniales; o__Syndiniales; f__Syndiniales_Group_I; g__Syndiniales_Group_I; s__uncultured_marine
ASV-333bf,d__Eukaryota; k__Alveolata; p__Dinoflagellata; c__Dinophyceae
ASV-d8d8f,d__Eukaryota; k__Chloroplastida; p__Chlorophyta; c__Trebouxiophyceae; o__Chlorellales; f__Chlorellales
ASV-aae7d,d__Eukaryota; k__Stramenopiles; p__Diatomea; c__Bacillariophyceae; o__Bacillariophyceae; f__Bacillariophyceae; g__Amphora
ASV-80a69,d__Eukaryota; k__Chloroplastida; p__Chlorophyta; c__Chlorophyceae; o__Sphaeropleales; f__Sphaeropleales; g__Monoraphidium; s__Monoraphidium_sp.
ASV-44a8f,d__Eukaryota; k__Stramenopiles; p__Peronosporomycetes; c__Peronosporomycetes; o__Peronosporomycetes; f__Peronosporomycetes
ASV-525d7,d__Eukaryota; k__Alveolata; p__Dinoflagellata; c__Dinophyceae; o__Peridiniphycidae; f__Thoracosphaeraceae; g__Scrippsiella; s__uncultured_eukaryote
ASV-63306,d__Eukaryota; k__Alveolata; p__Dinoflagellata; c__Dinophyceae
ASV-d7a4f,d__Eukaryota; k__Stramenopiles; p__Diatomea; c__Mediophyceae; o__Mediophyceae; f__Mediophyceae; g__Cyclotella; s__Cyclotella_choctawhatcheeana
ASV-875ee,d__Eukaryota; k__Alveolata; p__Ciliophora; c__Intramacronucleata; o__Conthreep; f__Oligohymenophorea; g__Zoothamnium
ASV-a2c4a,d__Eukaryota; k__Alveolata; p__Dinoflagellata; c__Dinophyceae; o__Gymnodiniphycidae; f__Kareniaceae; g__Karlodinium; s__uncultured_marine
ASV-f50ec,d__Eukaryota; k__Chloroplastida; p__Chlorophyta; c__Chlorodendrophyceae; o__Chlorodendrophyceae; f__Chlorodendrophyceae; g__Chlorodendrophyceae; s__Tetraselmis_sp.
ASV-01611,d__Eukaryota; k__Alveolata; p__Dinoflagellata; c__Dinophyceae
ASV-cab7f,d__Eukaryota; k__Alveolata; p__Ciliophora; c__Intramacronucleata; o__Conthreep; f__Phyllopharyngea; g__Acineta; s__Acineta_tuberosa
ASV-9c3d9,d__Eukaryota; k__Stramenopiles; p__Diatomea; c__Mediophyceae; o__Mediophyceae; f__Mediophyceae; g__Chaetoceros; s__Chaetoceros_elegans
ASV-4b922,d__Eukaryota; k__Alveolata; p__Ciliophora; c__Intramacronucleata; o__Conthreep; f__Oligohymenophorea; g__Pseudovorticella; s__uncultured_eukaryote
ASV-e0975,d__Eukaryota; k__Alveolata; p__Dinoflagellata; c__Dinophyceae
ASV-5d4b1,d__Eukaryota; k__Stramenopiles; p__Labyrinthulomycetes; c__Labyrinthulomycetes; o__Labyrinthulomycetes; f__Labyrinthulaceae; g__Labyrinthula; s__uncultured_eukaryote
ASV-ea0a2,d__Eukaryota; k__Alveolata; p__Ciliophora; c__Intramacronucleata; o__Conthreep; f__Phyllopharyngea; g__Acineta; s__Acineta_tuberosa
ASV-b71ae,d__Eukaryota
ASV-18b38,d__Eukaryota; k__Rhizaria; p__Cercozoa; c__Thecofilosea; o__Cryomonadida; f__Protaspidae; g__Protaspis; s__uncultured_Rhizaria
ASV-44b2d,d__Eukaryota; k__Alveolata; p__Dinoflagellata; c__Dinophyceae; o__Gonyaulacales; f__Gonyaulacales
ASV-df905,d__Eukaryota; k__Incertae_Sedis; p__Incertae_Sedis; c__Incertae_Sedis; o__Incertae_Sedis; f__Incertae_Sedis; g__Incertae_Sedis; s__Planomonas_micra
ASV-da062,d__Eukaryota; k__Stramenopiles; p__Diatomea; c__Mediophyceae; o__Mediophyceae; f__Mediophyceae
ASV-49f66,d__Eukaryota; k__Stramenopiles; p__Labyrinthulomycetes; c__Labyrinthulomycetes; o__Labyrinthulomycetes; f__Labyrinthulaceae; g__Labyrinthula; s__uncultured_eukaryote
ASV-3b703,d__Eukaryota; k__Alveolata; p__Ciliophora; c__Intramacronucleata; o__Conthreep; f__Phyllopharyngea; g__Paracineta; s__Paracineta_limbata
ASV-489ac,d__Eukaryota
ASV-f7701,d__Eukaryota; k__Stramenopiles; p__Diatomea; c__Bacillariophyceae; o__Bacillariophyceae; f__Bacillariophyceae; g__Amphora
ASV-6316a,d__Eukaryota
ASV-c7f1b,d__Eukaryota; k__Stramenopiles; p__Diatomea; c__Bacillariophyceae; o__Bacillariophyceae; f__Bacillariophyceae; g__Navicula
ASV-ce6ff,d__Eukaryota; k__Chloroplastida; p__Chlorophyta; c__Chlorophyceae; o__Sphaeropleales; f__Sphaeropleales; g__Desmodesmus; s__Desmodesmus_sp.
ASV-f5c17,d__Eukaryota; k__Chloroplastida; p__Chlorophyta; c__Chlorophyceae; o__Chlamydomonadales; f__Chlamydomonadales
ASV-f14b8,d__Eukaryota; k__Amoebozoa; p__Apusomonadidae; c__Apusomonadidae; o__Apusomonadidae; f__Apusomonadidae; g__Planomonas; s__Planomonas_micra
ASV-a27e3,d__Eukaryota; k__Alveolata; p__Ciliophora; c__Intramacronucleata; o__Conthreep; f__Oligohymenophorea; g__Zoothamnium
ASV-26c63,d__Eukaryota; k__Alveolata; p__Dinoflagellata; c__Dinophyceae; o__Gymnodiniphycidae; f__Gymnodiniphycidae; g__Gyrodinium; s__uncultured_alveolate
ASV-027b3,d__Eukaryota; k__Stramenopiles; p__Diatomea; c__Mediophyceae; o__Mediophyceae; f__Mediophyceae; g__Arcocellulus; s__Arcocellulus_cornucervis
ASV-93351,d__Eukaryota; k__Holozoa; p__Holozoa; c__Choanoflagellida; o__Codonosigidae; f__Codonosigidae; g__Monosiga
ASV-eb349,d__Eukaryota; k__Stramenopiles; p__Ochrophyta; c__Eustigmatophyceae; o__Eustigmatales; f__Eustigmatales; g__phytoplankton; s__phytoplankton_environmental
ASV-195df,d__Eukaryota; k__Rhizaria; p__Cercozoa; c__Thecofilosea; o__Ebriacea; f__Ebriacea; g__Ebria
ASV-304e6,d__Eukaryota; k__Stramenopiles; p__Labyrinthulomycetes; c__Labyrinthulomycetes; o__Labyrinthulomycetes; f__Labyrinthulaceae; g__Labyrinthula; s__uncultured_eukaryote
ASV-adbd5,d__Eukaryota; k__Alveolata; p__Dinoflagellata; c__Dinophyceae; o__Dinophysiales; f__Dinophysiales; g__Sinophysis
ASV-52dce,d__Eukaryota; k__Alveolata; p__Dinoflagellata; c__Dinophyceae
ASV-ad3f9,d__Eukaryota; k__Stramenopiles; p__Diatomea; c__Mediophyceae; o__Mediophyceae; f__Mediophyceae; g__Thalassiosira
ASV-ebf5c,d__Eukaryota; k__Alveolata; p__Ciliophora; c__Intramacronucleata; o__Conthreep; f__Phyllopharyngea; g__Ephelota
ASV-34aed,d__Eukaryota; k__Alveolata; p__Dinoflagellata; c__Dinophyceae; o__Peridiniales; f__Peridiniales; g__Amphidiniopsis; s__Dinophyceae_sp.
ASV-efac9,d__Eukaryota; k__Alveolata; p__Ciliophora; c__Intramacronucleata; o__Conthreep; f__Phyllopharyngea; g__Heterohartmannula; s__Heterohartmannula_fangi
ASV-5cdd3,d__Eukaryota; k__Stramenopiles; p__Diatomea; c__Mediophyceae; o__Mediophyceae; f__Mediophyceae; g__Thalassiosira; s__uncultured_stramenopile
ASV-0ea7c,d__Eukaryota; k__Stramenopiles; p__Diatomea; c__Mediophyceae; o__Mediophyceae; f__Mediophyceae; g__Skeletonema
ASV-32dce,d__Eukaryota
ASV-bbba0,d__Eukaryota; k__Alveolata; p__Dinoflagellata; c__Dinophyceae; o__Gymnodiniphycidae; f__Incertae_Sedis; g__Akashiwo; s__Akashiwo_sanguinea
ASV-4bfc3,d__Eukaryota; k__Holozoa; p__Holozoa; c__Choanoflagellida; o__Craspedida; f__Salpingoecidae; g__Salpingoecidae; s__Salpingoeca_kvevrii
ASV-92575,d__Eukaryota
ASV-195e3,d__Eukaryota; k__Rhizaria; p__Cercozoa; c__Vampyrellidae; o__Vampyrellidae; f__Vampyrellidae; g__uncultured; s__uncultured_Eimeriidae
ASV-f3686,d__Eukaryota; k__Alveolata; p__Ciliophora; c__Intramacronucleata; o__Conthreep; f__Phyllopharyngea; g__Suctoria; s__Pyropia_sp.
ASV-4e30a,d__Eukaryota; k__Holozoa; p__Holozoa; c__Choanoflagellida; o__Craspedida; f__Salpingoecidae; g__Salpingoecidae; s__Salpingoeca_kvevrii
ASV-b3acb,d__Eukaryota; k__Alveolata; p__Dinoflagellata; c__Dinophyceae
ASV-f86d2,d__Eukaryota; k__Alveolata; p__Ciliophora; c__Intramacronucleata; o__Conthreep; f__Phyllopharyngea; g__Ephelota
ASV-d6a3c,d__Eukaryota; k__Alveolata; p__Dinoflagellata; c__Dinophyceae; o__Gymnodiniphycidae; f__Gymnodiniphycidae; g__Gyrodinium
ASV-9d68c,d__Eukaryota; k__Rhizaria; p__Cercozoa
ASV-e467b,d__Eukaryota; k__Alveolata; p__Dinoflagellata; c__Incertae_Sedis; o__Incertae_Sedis; f__Incertae_Sedis; g__Haplozoon; s__uncultured_eukaryote
ASV-018b3,d__Eukaryota; k__Rhizaria; p__Cercozoa; c__Novel_Clade_2; o__Novel_Clade_2; f__Novel_Clade_2; g__Novel_Clade_2
ASV-84907,d__Eukaryota; k__Stramenopiles; p__Diatomea; c__Bacillariophyceae; o__Bacillariophyceae; f__Bacillariophyceae; g__Amphora; s__Amphora_coffeiformis
ASV-f02ad,d__Eukaryota; k__Alveolata; p__Dinoflagellata; c__Dinophyceae
ASV-25fce,d__Eukaryota; k__Alveolata; p__Ciliophora; c__Intramacronucleata; o__Conthreep; f__Oligohymenophorea; g__Vaginicola; s__Vaginicola_sp.
ASV-c356e,d__Eukaryota; k__Alveolata; p__Dinoflagellata; c__Dinophyceae; o__Gymnodiniphycidae; f__Gymnodiniphycidae; g__Gyrodinium
ASV-7f3c7,d__Eukaryota; k__Alveolata; p__Dinoflagellata; c__Dinophyceae
ASV-52b71,d__Eukaryota; k__Stramenopiles; p__Diatomea; c__Bacillariophyceae; o__Bacillariophyceae; f__Bacillariophyceae; g__Navicula
ASV-f3a9f,d__Eukaryota; k__Alveolata; p__Ciliophora; c__Intramacronucleata; o__Conthreep; f__Phyllopharyngea; g__Acineta; s__Acineta_sp.
ASV-19686,d__Eukaryota; k__Chloroplastida; p__Chlorophyta; c__Trebouxiophyceae
ASV-2084f,d__Eukaryota; k__Stramenopiles; p__Diatomea; c__Coscinodiscophytina; o__Coscinodiscophytina; f__Coscinodiscophytina; g__Actinocyclus
ASV-2def4,d__Eukaryota; k__Rhizaria; p__Cercozoa; c__Imbricatea; o__Marimonadida; f__Marimonadida; g__Pseudopirsonia
ASV-e712a,d__Eukaryota; k__Stramenopiles; p__Labyrinthulomycetes; c__Labyrinthulomycetes; o__Labyrinthulomycetes; f__Thraustochytriaceae; g__uncultured; s__Thraustochytriidae_sp.
ASV-51bfc,d__Eukaryota; k__Alveolata; p__Dinoflagellata; c__Dinophyceae; o__Gymnodiniphycidae
ASV-e91f9,d__Eukaryota; k__Amoebozoa; p__Amoebozoa; c__Tubulinea; o__Leptomyxida; f__Leptomyxida
ASV-f53fc,d__Eukaryota; k__Stramenopiles; p__Diatomea; c__Mediophyceae; o__Mediophyceae; f__Mediophyceae; g__Chaetoceros; s__Chaetoceros_sp.
ASV-d3b99,d__Eukaryota; k__Alveolata; p__Ciliophora; c__Intramacronucleata; o__Conthreep; f__Phyllopharyngea; g__Acineta; s__Acineta_tuberosa
ASV-e73bd,d__Eukaryota; k__Chloroplastida; p__Chlorophyta
ASV-9ece0,d__Eukaryota; k__Stramenopiles; p__Labyrinthulomycetes; c__Labyrinthulomycetes; o__Labyrinthulomycetes; f__Thraustochytriaceae; g__uncultured; s__uncultured_labyrinthulid
ASV-ae858,d__Eukaryota; k__Alveolata; p__Ciliophora; c__Intramacronucleata; o__Conthreep; f__Phyllopharyngea; g__Acineta; s__uncultured_eukaryote
ASV-fecbd,d__Eukaryota; k__Stramenopiles; p__Diatomea; c__Coscinodiscophytina; o__Fragilariales; f__Fragilariales; g__Licmophora; s__uncultured_marine
ASV-e4d04,d__Eukaryota; k__Alveolata; p__Dinoflagellata; c__Dinophyceae; o__Gonyaulacales; f__Gonyaulacales; g__Pyrophacus; s__Pyrophacus_steinii
ASV-c21fa,d__Eukaryota; k__Alveolata; p__Dinoflagellata; c__Dinophyceae
ASV-106f8,d__Eukaryota; k__Alveolata; p__Protalveolata; c__Syndiniales; o__Syndiniales; f__Syndiniales_Group_I; g__Syndiniales_Group_I; s__uncultured_marine
ASV-bd1c8,d__Eukaryota; k__Chloroplastida; p__Chlorophyta; c__Chlorophyceae; o__Chlamydomonadales; f__Chlamydomonadales; g__Chlamydomonas; s__Chlamydomonas_raudensis
ASV-cdf21,d__Eukaryota; k__Alveolata; p__Ciliophora; c__Intramacronucleata; o__Conthreep; f__Phyllopharyngea; g__Suctoria; s__Pyropia_sp.
ASV-88a04,d__Eukaryota; k__Stramenopiles; p__Diatomea; c__Bacillariophyceae; o__Bacillariophyceae; f__Bacillariophyceae; g__Amphora
